﻿<?xml version="1.0" encoding="utf-8"?>
<circuit version="1.4" xmlns="http://schemas.circuit-diagram.org/circuitDiagramDocument/2012/document">
	<properties>
		<width>200</width>
		<height>380</height>
	</properties>
	<definitions>
		<src col="http://schemas.circuit-diagram.org/circuitDiagramDocument/2012/components/common">
			<add id="0" item="microcontroller" p4:guid="2cd49d7c-eb1a-4fe4-9104-c45023e3fc95" p4:version="1.1.0" xmlns:p4="http://schemas.circuit-diagram.org/circuitDiagramDocument/2012/document/component-descriptions" />
		</src>
		<src>
			<add id="1" item="Arduino Uno" p4:guid="385a441a-4d89-4f07-80d3-718c8276724a" p4:version="1.0.0" xmlns:p4="http://schemas.circuit-diagram.org/circuitDiagramDocument/2012/document/component-descriptions" />
		</src>
	</definitions>
	<elements>
		<w x="30" y="130" o="h" sz="20" flp="false" />
		<w x="30" y="130" o="v" sz="210" flp="false" />
		<w x="30" y="340" o="h" sz="10" flp="false" />
		<w x="40" y="340" o="h" sz="10" flp="false" />
		<w x="170" y="330" o="h" sz="10" flp="false" />
		<w x="180" y="260" o="v" sz="70" flp="false" />
		<w x="40" y="260" o="h" sz="140" flp="false" />
		<w x="40" y="180" o="v" sz="80" flp="false" />
		<w x="40" y="180" o="h" sz="10" flp="false" />
		<w x="20" y="120" o="h" sz="30" flp="false" />
		<w x="20" y="120" o="v" sz="210" flp="false" />
		<w x="20" y="330" o="h" sz="30" flp="false" />
		<c id="0" tp="{0}" x="50" y="330" o="h" sz="120" flp="false">
			<prs>
				<p k="header" v="TMP36" />
				<p k="sz" v="4" />
				<p k="p0" v="PIN1" />
				<p k="p1" v="PIN2" />
				<p k="p2" v="PIN3" />
				<p k="p3" v="" />
				<p k="p4" v="" />
				<p k="p5" v="" />
				<p k="p6" v="" />
				<p k="p7" v="" />
				<p k="p8" v="" />
				<p k="p9" v="" />
				<p k="p10" v="" />
				<p k="p11" v="" />
				<p k="p12" v="" />
				<p k="p13" v="" />
				<p k="p14" v="" />
				<p k="p15" v="" />
				<p k="p16" v="" />
				<p k="p17" v="" />
				<p k="p18" v="" />
				<p k="p19" v="" />
				<p k="p20" v="" />
				<p k="p21" v="" />
				<p k="p22" v="" />
				<p k="p23" v="" />
				<p k="p24" v="" />
				<p k="p25" v="" />
				<p k="p26" v="" />
				<p k="p27" v="" />
				<p k="p28" v="" />
				<p k="p29" v="" />
				<p k="p30" v="" />
				<p k="p31" v="" />
				<p k="p32" v="" />
				<p k="p33" v="" />
				<p k="p34" v="" />
				<p k="p35" v="" />
				<p k="p36" v="" />
				<p k="p37" v="" />
				<p k="p38" v="" />
				<p k="p39" v="" />
			</prs>
			<cns>
				<cn id="0" pt="#2" />
				<cn id="1" pt="#1" />
				<cn id="2" pt="#0" />
			</cns>
		</c>
		<c id="1" tp="{1}" x="50" y="140" o="h" sz="130" flp="false">
			<prs />
			<cns>
				<cn id="0" pt="#4" />
				<cn id="1" pt="#8" />
				<cn id="2" pt="#3" />
			</cns>
		</c>
	</elements>
</circuit>